0,1
C02_V0015.mp4,033529
C02_V0017.mp4,043905
C02_V0114.mp4,014080
C02_V0040.mp4,022880
C02_V0114.mp4,013952
C02_V0015.mp4,033561
C02_V0057.mp4,037120
C02_V0057.mp4,037065
C01_V0158.mp4,000674
C01_V0053.mp4,107200
C00_V0037.mp4,011571
C01_V0073.mp4,000646
C01_V0053.mp4,112092
C02_V0125.mp4,019584
C02_V0031.mp4,015370
C01_V0110.mp4,019552
C02_V0111.mp4,021482
C01_V0053.mp4,106880
C02_V0040.mp4,022810
C02_V0020.mp4,001588
C01_V0052.mp4,121962
C01_V0053.mp4,111840
C02_V0001.mp4,024480
C02_V0108.mp4,013299
C02_V0040.mp4,005760
C01_V0053.mp4,101970
C00_V0093.mp4,018184
C00_V0196.mp4,017894
C00_V0037.mp4,015118
C00_V0061.mp4,002614
C02_V0064.mp4,021504
C00_V0091.mp4,016025
C01_V0053.mp4,122560
C01_V0196.mp4,011112
C01_V0052.mp4,120480
C02_V0101.mp4,024485
C01_V0124.mp4,008905
C01_V0073.mp4,010959
C02_V0126.mp4,023680
C01_V0053.mp4,109605
C02_V0001.mp4,024640
C01_V0098.mp4,000202
C02_V0108.mp4,013312
C02_V0066.mp4,028928
C02_V0020.mp4,002080
C02_V0031.mp4,051897
C00_V0012.mp4,010634
C00_V0144.mp4,023249
C02_V0051.mp4,015587
C02_V0008.mp4,006560
C00_V0145.mp4,006572
C01_V0082.mp4,009783
C02_V0001.mp4,024580
C02_V0048.mp4,024728
C00_V0088.mp4,002258
C01_V0059.mp4,164480
C01_V0120.mp4,008815
C02_V0111.mp4,021404
C01_V0097.mp4,015910
C02_V0005.mp4,031840
C01_V0053.mp4,109280
C00_V0140.mp4,021332
C01_V0051.mp4,056320
C00_V0185.mp4,008195
C00_V0050.mp4,024673
C00_V0144.mp4,022933
C01_V0053.mp4,110560
C02_V0020.mp4,001600
C01_V0053.mp4,121120
C00_V0171.mp4,005291
C01_V0037.mp4,000544
C01_V0179.mp4,000584
C00_V0196.mp4,025020
C00_V0066.mp4,022383
C01_V0053.mp4,102080
C02_V0004.mp4,028320
C02_V0129.mp4,018073
C01_V0124.mp4,000688
C00_V0171.mp4,006280
C02_V0052.mp4,015257
C02_V0012.mp4,012617
C01_V0073.mp4,011512
C01_V0060.mp4,060164
C01_V0082.mp4,000553
C00_V0041.mp4,017858
C00_V0183.mp4,021694
C02_V0009.mp4,042448
C01_V0005.mp4,016534
C02_V0044.mp4,027040
C01_V0136.mp4,000620
C01_V0055.mp4,123648
C00_V0069.mp4,018865
C00_V0135.mp4,018695
C02_V0048.mp4,024800
C01_V0054.mp4,095438
C01_V0124.mp4,009219
C02_V0110.mp4,004673
C00_V0050.mp4,024798
C00_V0014.mp4,006840
C02_V0045.mp4,043972
